-- Dữ liệu cho bảng user_account
INSERT INTO user_account (user_id, username, email, password, create_at) VALUES
(1, 'user1', 'user1@example.com', 'password1', NOW()),
(2, 'user2', 'user2@example.com', 'password2', NOW()),
(3, 'user3', 'user3@example.com', 'password3', NOW()),
(4, 'user4', 'user4@example.com', 'password4', NOW()),
(5, 'user5', 'user5@example.com', 'password5', NOW()),
(6, 'user6', 'user6@example.com', 'password6', NOW()),
(7, 'user7', 'user7@example.com', 'password7', NOW()),
(8, 'user8', 'user8@example.com', 'password8', NOW()),
(9, 'user9', 'user9@example.com', 'password9', NOW()),
(10, 'user10', 'user10@example.com', 'password10', NOW());

-- Dữ liệu cho bảng follow
INSERT INTO follow (follower_id, following_id, create_at) VALUES
(1, 2, NOW()), (1, 3, NOW()), (2, 1, NOW()), (3, 4, NOW()), (4, 5, NOW()),
(5, 6, NOW()), (6, 7, NOW()), (7, 8, NOW()), (8, 9, NOW()), (9, 10, NOW()),
(10, 1, NOW()), (2, 4, NOW()), (3, 5, NOW()), (4, 6, NOW()), (5, 7, NOW()),
(6, 8, NOW()), (7, 9, NOW()), (8, 10, NOW()), (9, 1, NOW()), (10, 2, NOW()),
(1, 5, NOW()), (2, 6, NOW()), (3, 7, NOW()), (4, 8, NOW()), (5, 9, NOW()),
(6, 10, NOW()), (7, 1, NOW()), (8, 2, NOW()), (9, 3, NOW()), (10, 4, NOW());

-- Dữ liệu cho bảng post
INSERT INTO post (post_id, user_id, content, create_at) VALUES
(1, 1, 'Bài viết của user1', NOW()),
(2, 2, 'Bài viết của user2', NOW()),
(3, 3, 'Bài viết của user3', NOW()),
(4, 4, 'Bài viết của user4', NOW()),
(5, 5, 'Bài viết của user5', NOW()),
(6, 6, 'Bài viết của user6', NOW()),
(7, 7, 'Bài viết của user7', NOW()),
(8, 8, 'Bài viết của user8', NOW()),
(9, 9, 'Bài viết của user9', NOW()),
(10, 10, 'Bài viết của user10', NOW()),
(11, 1, 'Bài viết khác của user1', NOW()),
(12, 2, 'Bài viết khác của user2', NOW()),
(13, 3, 'Bài viết khác của user3', NOW()),
(14, 4, 'Bài viết khác của user4', NOW()),
(15, 5, 'Bài viết khác của user5', NOW()),
(16, 6, 'Bài viết khác của user6', NOW()),
(17, 7, 'Bài viết khác của user7', NOW()),
(18, 8, 'Bài viết khác của user8', NOW()),
(19, 9, 'Bài viết khác của user9', NOW()),
(20, 10, 'Bài viết khác của user10', NOW()),
(21, 1, 'Thêm bài viết của user1', NOW()),
(22, 2, 'Thêm bài viết của user2', NOW()),
(23, 3, 'Thêm bài viết của user3', NOW()),
(24, 4, 'Thêm bài viết của user4', NOW()),
(25, 5, 'Thêm bài viết của user5', NOW()),
(26, 6, 'Thêm bài viết của user6', NOW()),
(27, 7, 'Thêm bài viết của user7', NOW()),
(28, 8, 'Thêm bài viết của user8', NOW()),
(29, 9, 'Thêm bài viết của user9', NOW()),
(30, 10, 'Thêm bài viết của user10', NOW());

-- Dữ liệu cho bảng post_file
INSERT INTO post_file (file_id, post_id, file_url, create_at) VALUES
(1, 1, 'https://example.com/file1.jpg', NOW()),
(2, 2, 'https://example.com/file2.jpg', NOW()),
(3, 3, 'https://example.com/file3.jpg', NOW()),
(4, 4, 'https://example.com/file4.jpg', NOW()),
(5, 5, 'https://example.com/file5.jpg', NOW()),
(6, 6, 'https://example.com/file6.jpg', NOW()),
(7, 7, 'https://example.com/file7.jpg', NOW()),
(8, 8, 'https://example.com/file8.jpg', NOW()),
(9, 9, 'https://example.com/file9.jpg', NOW()),
(10, 10, 'https://example.com/file10.jpg', NOW()),
(11, 11, 'https://example.com/file11.jpg', NOW()),
(12, 12, 'https://example.com/file12.jpg', NOW()),
(13, 13, 'https://example.com/file13.jpg', NOW()),
(14, 14, 'https://example.com/file14.jpg', NOW()),
(15, 15, 'https://example.com/file15.jpg', NOW()),
(16, 16, 'https://example.com/file16.jpg', NOW()),
(17, 17, 'https://example.com/file17.jpg', NOW()),
(18, 18, 'https://example.com/file18.jpg', NOW()),
(19, 19, 'https://example.com/file19.jpg', NOW()),
(20, 20, 'https://example.com/file20.jpg', NOW()),
(21, 21, 'https://example.com/file21.jpg', NOW()),
(22, 22, 'https://example.com/file22.jpg', NOW()),
(23, 23, 'https://example.com/file23.jpg', NOW()),
(24, 24, 'https://example.com/file24.jpg', NOW()),
(25, 25, 'https://example.com/file25.jpg', NOW()),
(26, 26, 'https://example.com/file26.jpg', NOW()),
(27, 27, 'https://example.com/file27.jpg', NOW()),
(28, 28, 'https://example.com/file28.jpg', NOW()),
(29, 29, 'https://example.com/file29.jpg', NOW()),
(30, 30, 'https://example.com/file30.jpg', NOW());
